ra,dec,obj_id
282.714726,6.370752,obj_1
282.708874,6.370087,obj_2
282.663597,6.370069,obj_3
